,Name,Number1,Number2,Number3,Number4,Number5,Number6,Number7,Number8,Number9,Number10,Number11,Number12,Number13
0,test_images_250.png,735,721,708,67,443,592,357,469,813,592,15,550,575
1,test_images_251.png,20,19,19,755,281,185,111,948,930,9,204,853,26
2,test_images_252.png,426,397,416,452,822,346,437,257,477,473,358,661,16
3,test_images_253.png,4,2,6,72,118,26,46,15,7,15,188,89,631
4,test_images_254.png,215,217,210,129,361,55,57,389,247,332,237,231,342
5,test_images_255.png,139,87,123,53,165,109,252,16,296,352,27,139,489
6,test_images_256.png,241,250,239,533,663,262,463,346,554,571,254,759,872
7,test_images_257.png,125,123,128,102,496,145,134,100,218,131,168,218,55
8,test_images_258.png,417,405,394,290,315,314,416,269,327,391,230,217,395
9,test_images_259.png,231,284,325,314,289,301,339,346,313,338,629,611,37
10,test_images_260.png,479,479,476,476,614,468,503,671,479,487,431,730,212
11,test_images_261.png,526,534,549,512,510,590,620,575,594,528,514,629,191
12,test_images_262.png,550,558,557,433,446,408,629,388,493,399,475,867,765
13,test_images_263.png,708,709,707,822,283,860,682,843,789,849,879,784,134
14,test_images_264.png,112,95,102,153,211,98,74,112,36,40,67,941,102
15,test_images_265.png,825,855,849,434,407,499,299,453,669,744,420,321,553
16,test_images_266.png,400,406,406,320,523,418,470,402,237,487,426,471,303
17,test_images_267.png,893,856,884,847,660,764,855,892,230,373,463,663,829
18,test_images_268.png,448,456,441,507,523,429,559,604,345,408,498,87,603
19,test_images_269.png,655,658,586,833,676,534,644,650,787,643,54,751,645
20,test_images_270.png,656,658,663,734,808,613,711,650,664,642,930,760,676
21,test_images_271.png,441,448,459,364,376,512,359,569,460,419,688,613,888
22,test_images_272.png,120,89,84,28,541,40,19,49,217,29,170,232,571
23,test_images_273.png,769,761,764,96,164,702,797,806,739,621,430,755,703
24,test_images_274.png,590,580,546,611,115,443,343,302,453,337,446,632,694
25,test_images_275.png,117,72,134,611,533,28,67,178,559,328,400,504,625
26,test_images_276.png,552,490,505,74,123,279,258,167,107,207,567,295,199
27,test_images_277.png,409,393,422,362,425,404,311,359,419,329,141,102,509
28,test_images_278.png,825,829,829,803,469,945,818,797,886,818,970,895,485
29,test_images_279.png,402,412,404,383,350,335,376,427,402,423,523,144,275
30,test_images_280.png,222,218,347,118,342,143,45,98,164,56,520,69,866
31,test_images_281.png,902,901,903,673,824,897,814,920,876,891,944,886,889
32,test_images_282.png,116,131,105,161,20,187,154,373,220,143,240,216,586
33,test_images_283.png,919,841,909,669,459,333,214,771,984,946,976,881,919
34,test_images_284.png,587,588,605,139,184,429,324,562,675,582,253,858,784
35,test_images_285.png,788,801,788,396,342,764,800,722,738,722,572,548,472
36,test_images_286.png,546,551,520,526,112,498,181,758,498,436,157,148,848
37,test_images_287.png,163,155,188,49,460,175,42,348,62,362,269,24,630
38,test_images_288.png,56,51,76,17,117,55,24,181,86,121,685,62,783
39,test_images_289.png,712,711,724,285,150,634,142,215,507,640,436,249,299
40,test_images_290.png,788,779,778,930,874,924,881,772,850,778,912,937,8
41,test_images_291.png,327,333,331,316,282,295,364,383,363,323,360,637,544
42,test_images_292.png,370,336,277,461,541,374,537,89,373,195,505,498,432
43,test_images_293.png,797,795,798,385,104,730,700,771,758,792,594,701,70
44,test_images_294.png,188,123,86,234,433,88,288,163,184,244,110,113,179
45,test_images_295.png,811,819,829,836,639,789,882,823,835,834,665,807,525
46,test_images_296.png,735,736,734,655,623,780,834,751,737,786,645,793,340
47,test_images_297.png,735,732,739,732,583,785,852,807,753,746,484,932,881
48,test_images_298.png,323,357,313,171,379,209,178,421,307,296,603,444,133
49,test_images_299.png,411,423,422,450,363,431,446,641,799,427,424,721,696
50,test_images_300.png,711,712,712,929,985,735,960,710,707,701,990,966,575
51,test_images_301.png,83,132,126,209,161,249,183,167,126,303,123,82,561
52,test_images_302.png,374,335,844,229,41,169,177,558,468,392,165,482,907
53,test_images_303.png,27,549,659,992,893,547,116,17,879,345,938,35,26
54,test_images_304.png,619,615,613,151,151,427,398,249,412,706,391,293,553
55,test_images_305.png,223,172,289,39,276,164,193,267,410,591,813,327,216
56,test_images_306.png,413,526,522,432,423,427,276,518,462,241,572,163,129
57,test_images_307.png,203,217,211,115,272,316,237,167,443,319,152,708,243
58,test_images_308.png,125,113,111,471,726,182,420,191,154,73,406,666,276
59,test_images_309.png,784,810,820,556,199,696,879,721,839,610,344,824,67
60,test_images_310.png,95,69,78,191,103,198,245,167,201,268,173,180,519
61,test_images_311.png,572,575,575,475,183,551,552,576,536,606,609,555,273
62,test_images_312.png,661,663,663,837,861,745,760,666,639,645,898,745,115
63,test_images_313.png,791,793,786,743,513,808,843,805,796,839,214,694,288
64,test_images_314.png,763,766,741,934,919,825,943,668,803,665,919,947,310
65,test_images_315.png,596,602,602,796,846,739,842,539,594,589,198,807,33
66,test_images_316.png,413,373,436,366,347,588,195,511,451,482,196,385,831
67,test_images_317.png,254,429,386,813,550,321,730,9,709,67,54,965,779
68,test_images_318.png,661,662,663,562,248,686,648,657,657,668,455,617,648
69,test_images_319.png,454,454,451,550,428,469,481,705,389,699,946,868,365
70,test_images_320.png,812,816,818,781,618,725,849,773,777,817,700,709,169
71,test_images_321.png,682,673,686,477,234,710,301,331,721,602,320,216,406
72,test_images_322.png,991,991,995,887,825,957,922,877,988,991,950,904,884
73,test_images_323.png,556,544,532,699,828,618,694,464,463,484,679,669,490
74,test_images_324.png,637,632,625,399,563,658,568,618,635,665,591,727,652
75,test_images_325.png,78,47,34,53,125,134,103,58,51,720,275,965,679
76,test_images_326.png,90,83,85,182,45,87,59,142,96,89,86,59,37
77,test_images_327.png,532,499,450,78,3,440,137,832,862,363,63,147,685
78,test_images_328.png,13,12,9,20,239,6,37,11,8,33,56,61,475
79,test_images_329.png,276,272,289,129,48,218,241,276,369,458,60,192,582
80,test_images_330.png,604,599,595,723,783,613,754,608,632,599,90,335,794
81,test_images_331.png,445,455,456,772,689,514,598,612,641,438,411,753,51
82,test_images_332.png,318,324,320,373,516,557,371,550,295,274,387,425,814
83,test_images_333.png,896,889,885,894,716,916,879,874,873,884,219,905,47
84,test_images_334.png,688,660,645,615,587,638,714,601,677,723,784,814,614
85,test_images_335.png,195,263,273,109,22,66,108,68,875,49,82,120,602
86,test_images_336.png,781,781,758,328,321,816,787,706,758,715,833,715,10
87,test_images_337.png,8,949,960,56,95,721,716,8,865,870,812,726,511
88,test_images_338.png,595,585,588,309,346,592,506,579,546,684,434,715,431
89,test_images_339.png,495,499,503,406,326,481,617,388,465,480,182,500,116
90,test_images_340.png,509,510,491,50,127,282,326,243,528,574,120,170,492
91,test_images_341.png,802,800,825,384,359,699,511,742,808,96,490,441,8
92,test_images_342.png,774,770,774,644,245,762,703,849,838,758,730,771,246
93,test_images_343.png,926,922,921,469,809,844,831,876,908,927,723,781,328
94,test_images_344.png,16,30,14,27,375,58,268,4,658,298,460,368,663
95,test_images_345.png,826,824,829,826,879,882,932,895,798,783,606,960,393
96,test_images_346.png,639,912,910,47,143,944,939,506,944,923,217,485,902
97,test_images_347.png,944,944,949,481,644,722,969,182,451,724,25,413,952
98,test_images_348.png,926,931,955,237,56,402,159,877,679,970,225,978,3
99,test_images_349.png,686,676,673,644,576,714,697,733,669,704,797,696,182
100,test_images_350.png,525,548,595,175,233,491,673,164,392,766,286,408,603
101,test_images_351.png,222,200,195,199,499,149,162,157,215,240,328,266,343
102,test_images_352.png,765,726,750,743,595,825,761,588,829,831,558,653,86
103,test_images_353.png,621,627,627,761,836,673,796,755,678,617,764,829,801
104,test_images_354.png,148,176,133,138,329,42,84,164,456,102,121,403,765
105,test_images_355.png,420,423,421,542,569,480,505,204,437,282,355,575,530
106,test_images_356.png,496,491,494,713,589,619,667,477,509,489,671,752,602
107,test_images_357.png,194,170,183,6,361,96,104,159,253,288,75,183,890
108,test_images_358.png,476,504,471,237,370,419,530,439,607,533,326,566,374
109,test_images_359.png,420,395,392,668,103,437,673,41,862,532,631,784,465
110,test_images_360.png,444,541,324,410,41,40,936,368,663,583,976,764,67
111,test_images_361.png,155,139,128,24,111,31,57,89,126,84,183,100,23
112,test_images_362.png,475,325,506,324,366,309,320,426,548,427,343,363,503
113,test_images_363.png,770,795,790,640,606,763,670,819,839,762,795,881,177
114,test_images_364.png,619,619,625,129,469,606,677,739,623,727,475,703,109
115,test_images_365.png,210,377,121,385,338,70,266,55,161,384,195,128,314
116,test_images_366.png,998,998,998,953,845,996,993,974,998,989,925,992,433
117,test_images_367.png,454,455,453,109,189,258,459,388,493,524,604,375,570
118,test_images_368.png,609,609,614,346,368,711,761,758,644,592,697,746,165
119,test_images_369.png,12,13,13,940,626,415,191,234,11,272,8,188,969
120,test_images_370.png,330,355,348,358,545,472,407,573,391,406,416,397,381
121,test_images_371.png,370,396,396,279,241,208,354,546,575,16,57,418,503
122,test_images_372.png,50,62,58,140,26,108,67,118,24,89,246,129,572
123,test_images_373.png,180,260,165,381,210,203,205,184,160,168,329,398,618
124,test_images_374.png,373,356,410,379,359,377,390,332,332,559,423,349,360
125,test_images_375.png,842,860,868,858,797,879,872,832,872,816,860,818,190
126,test_images_376.png,343,278,313,315,347,180,512,207,272,264,511,206,302
127,test_images_377.png,359,404,369,364,259,437,467,364,364,363,317,287,114
128,test_images_378.png,929,935,934,700,635,890,908,913,937,928,869,845,172
129,test_images_379.png,337,333,341,344,375,400,375,328,516,342,475,488,355
130,test_images_380.png,246,247,214,510,623,253,287,284,193,315,422,790,566
131,test_images_381.png,177,203,177,152,181,123,120,175,474,299,704,666,806
132,test_images_382.png,187,188,190,207,198,79,111,200,259,244,234,292,136
133,test_images_383.png,697,671,687,409,545,577,759,593,672,656,520,607,41
134,test_images_384.png,166,177,180,311,250,328,312,125,379,224,277,277,397
135,test_images_385.png,714,699,683,270,212,753,723,751,664,696,810,448,275
136,test_images_386.png,49,47,51,67,75,39,55,63,177,53,196,71,681
137,test_images_387.png,279,297,285,538,605,310,342,280,286,292,349,766,139
138,test_images_388.png,176,180,213,435,496,210,196,746,836,77,576,512,764
139,test_images_389.png,851,843,851,841,453,867,893,746,849,894,362,848,659
140,test_images_390.png,980,990,990,979,944,973,991,994,993,987,975,984,357
141,test_images_391.png,859,844,833,797,516,893,854,865,720,122,661,978,274
142,test_images_392.png,403,398,410,484,298,459,463,399,395,406,528,559,105
143,test_images_393.png,20,25,29,92,95,23,12,162,27,13,141,78,60
144,test_images_394.png,527,531,516,547,580,529,669,533,516,536,598,581,206
145,test_images_395.png,571,556,612,449,289,368,581,625,601,489,699,799,243
146,test_images_396.png,885,891,872,107,119,889,204,651,807,875,569,958,891
147,test_images_397.png,18,31,41,38,122,84,140,96,73,25,81,57,425
148,test_images_398.png,20,19,17,7,26,9,3,3,28,23,8,669,875
149,test_images_399.png,467,493,491,291,253,458,638,521,456,252,7,299,551
150,test_images_400.png,140,125,125,74,140,178,126,351,171,150,109,461,598
151,test_images_401.png,30,628,186,948,925,962,896,205,988,59,15,923,991
152,test_images_402.png,818,823,821,878,767,857,832,834,833,809,889,939,23
153,test_images_403.png,47,50,52,64,74,40,54,64,175,51,218,260,682
154,test_images_404.png,496,491,492,520,446,511,547,480,486,488,860,777,125
155,test_images_405.png,958,959,963,886,403,959,978,954,962,951,961,898,226
156,test_images_406.png,10,22,13,51,460,30,28,34,25,19,16,53,711
157,test_images_407.png,610,120,308,945,881,777,186,937,278,798,970,638,962
158,test_images_408.png,708,711,687,341,335,600,687,381,557,476,517,344,26
159,test_images_409.png,935,912,935,995,968,13,663,713,719,437,38,632,966
160,test_images_410.png,132,127,139,111,338,93,142,118,124,243,320,239,351
161,test_images_411.png,829,824,826,938,973,867,943,799,730,788,891,931,940
162,test_images_412.png,510,518,512,565,188,704,318,770,207,642,612,992,998
163,test_images_413.png,358,364,355,422,385,432,437,527,353,414,282,697,503
164,test_images_414.png,51,69,528,127,286,85,122,182,623,161,222,290,356
165,test_images_415.png,532,532,530,465,401,540,706,526,599,546,337,728,286
166,test_images_416.png,493,465,541,324,408,564,187,111,98,228,121,69,873
167,test_images_417.png,730,724,740,474,449,756,789,747,803,778,340,544,221
168,test_images_418.png,766,790,784,858,799,812,890,782,821,734,547,786,63
169,test_images_419.png,664,663,664,817,643,738,763,738,658,670,834,743,615
170,test_images_420.png,96,78,199,229,222,238,136,212,222,104,644,743,253
171,test_images_421.png,685,685,693,805,785,722,819,914,891,810,824,853,876
172,test_images_422.png,739,730,735,889,760,776,894,821,767,849,959,707,286
173,test_images_423.png,478,479,480,374,401,479,484,481,482,474,653,585,161
174,test_images_424.png,267,306,271,270,558,333,379,207,220,208,295,349,353
175,test_images_425.png,822,823,826,722,402,865,803,803,876,794,626,484,398
176,test_images_426.png,667,600,566,819,949,536,950,659,637,565,648,435,426
177,test_images_427.png,41,59,41,158,166,215,83,248,187,78,301,304,264
178,test_images_428.png,46,51,50,65,73,36,53,60,176,50,263,102,679
179,test_images_429.png,103,99,98,104,327,64,46,162,157,146,167,261,313
180,test_images_430.png,45,48,49,66,72,37,52,62,179,49,663,273,680
181,test_images_431.png,774,757,755,863,635,834,905,754,789,815,219,922,813
182,test_images_432.png,6,8,6,39,14,16,20,13,9,25,37,9,359
183,test_images_433.png,241,221,187,112,100,76,148,69,219,38,144,71,484
184,test_images_434.png,561,488,489,636,570,432,605,533,427,470,684,594,174
185,test_images_435.png,813,825,818,568,797,763,865,896,726,778,649,730,29
186,test_images_436.png,659,659,659,729,517,685,627,564,692,537,597,712,517
187,test_images_437.png,370,364,365,267,670,158,227,598,163,369,692,477,496
188,test_images_438.png,237,239,248,360,331,270,281,162,192,237,397,517,512
189,test_images_439.png,48,49,48,63,76,38,51,61,178,52,408,83,683
190,test_images_440.png,748,750,750,210,212,664,732,744,759,734,379,335,794
191,test_images_441.png,89,88,67,90,23,71,151,124,160,143,32,42,816
192,test_images_442.png,561,584,544,844,32,678,577,680,688,385,991,988,838
193,test_images_443.png,696,698,724,393,209,600,603,491,753,758,321,211,718
194,test_images_444.png,598,588,604,809,710,634,614,622,597,548,663,797,574
195,test_images_445.png,214,194,182,591,668,94,359,308,318,124,480,157,330
196,test_images_446.png,455,455,455,696,685,562,594,435,621,434,554,666,942
197,test_images_447.png,242,284,285,103,279,192,277,363,406,388,394,359,519
198,test_images_448.png,380,400,380,276,495,118,192,626,127,462,352,182,843
199,test_images_449.png,383,459,412,382,629,291,606,541,858,393,798,893,585
200,test_images_450.png,111,111,116,236,450,148,170,218,230,179,176,303,163
201,test_images_451.png,547,559,547,455,200,469,221,705,818,685,172,694,918
202,test_images_452.png,236,238,249,361,332,271,280,161,193,236,226,487,513
203,test_images_453.png,289,213,214,331,299,266,244,258,182,305,852,680,804
204,test_images_454.png,252,147,159,348,304,211,206,166,178,159,366,622,634
205,test_images_455.png,387,354,331,304,585,386,383,518,359,451,522,587,190
206,test_images_456.png,327,312,339,443,375,264,266,323,393,346,806,942,395
207,test_images_457.png,797,808,784,732,581,70,105,738,830,247,928,830,2
208,test_images_458.png,144,177,159,157,158,323,356,307,333,375,397,464,340
209,test_images_459.png,97,103,92,43,353,15,24,447,8,108,194,465,256
210,test_images_460.png,476,472,473,318,183,419,353,598,460,476,303,168,297
211,test_images_461.png,834,832,843,689,638,784,829,832,830,797,298,544,442
212,test_images_462.png,443,576,602,477,683,490,587,722,600,379,749,582,183
213,test_images_463.png,712,494,376,106,155,137,592,24,744,155,57,786,885
214,test_images_464.png,939,841,341,9,175,861,966,994,299,991,630,955,974
215,test_images_465.png,905,905,883,782,775,860,905,858,917,864,775,878,794
216,test_images_466.png,24,33,20,16,17,41,26,25,27,32,191,78,679
217,test_images_467.png,68,52,64,79,181,86,81,116,210,105,544,382,193
218,test_images_468.png,872,924,783,528,88,834,433,866,475,887,634,268,368
219,test_images_469.png,634,634,636,611,425,647,738,613,624,628,548,741,226
220,test_images_470.png,952,51,949,888,22,2,42,538,17,52,406,862,994
221,test_images_471.png,328,371,345,382,378,244,351,291,115,264,381,8,256
222,test_images_472.png,422,388,462,751,714,559,343,667,407,186,303,297,239
223,test_images_473.png,583,594,588,73,284,193,597,570,633,627,85,252,79
224,test_images_474.png,841,836,831,469,449,792,820,852,849,871,709,763,650
225,test_images_475.png,953,742,948,27,25,985,116,722,116,940,690,991,959
226,test_images_476.png,551,541,537,263,89,566,415,547,402,501,256,405,425
227,test_images_477.png,385,376,385,411,557,525,411,321,433,431,735,639,232
228,test_images_478.png,839,857,862,921,843,894,952,906,987,831,968,981,9
229,test_images_479.png,520,517,476,292,253,252,145,556,731,599,50,76,934
230,test_images_480.png,105,84,86,103,203,103,128,125,145,61,531,241,327
231,test_images_481.png,151,146,153,195,579,206,183,169,181,169,283,674,634
232,test_images_482.png,596,586,577,542,332,588,613,646,565,587,126,438,663
233,test_images_483.png,270,284,280,133,423,268,241,295,305,284,331,432,472
234,test_images_484.png,933,933,933,870,783,942,867,726,922,775,944,946,977
235,test_images_485.png,283,339,344,177,414,172,158,911,207,194,468,725,549
236,test_images_486.png,2,2,4,2,2,2,4,96,1,1,41,11,884
237,test_images_487.png,721,435,698,838,851,874,378,975,245,885,75,996,945
238,test_images_488.png,525,553,549,576,589,612,643,570,579,603,718,784,169
239,test_images_489.png,383,379,409,574,657,506,525,327,778,624,560,408,316
240,test_images_490.png,503,516,504,664,717,561,493,374,499,506,639,572,131
241,test_images_491.png,561,536,545,34,102,484,98,94,123,65,360,883,196
242,test_images_492.png,852,852,983,653,174,812,858,863,882,833,728,854,112
243,test_images_493.png,673,771,714,877,917,694,887,610,790,705,642,820,182
244,test_images_494.png,576,800,837,340,728,1,33,835,936,927,5,219,921
245,test_images_495.png,626,612,607,671,581,694,693,523,685,569,636,786,724
246,test_images_496.png,949,953,954,893,714,944,960,951,945,957,874,927,948
247,test_images_497.png,781,738,676,301,271,688,373,626,945,807,386,193,751
248,test_images_498.png,585,741,710,337,306,395,168,412,197,869,91,454,143
249,test_images_499.png,649,648,648,421,208,662,782,288,649,617,275,297,206
250,test_images_500.png,195,196,181,83,152,105,105,353,245,127,39,233,199
251,test_images_501.png,648,168,108,777,840,261,493,877,459,191,957,778,672
252,test_images_502.png,869,879,880,115,55,485,214,908,716,835,140,203,911
253,test_images_503.png,471,471,473,535,469,479,500,466,450,461,631,664,528
254,test_images_504.png,778,777,843,852,841,822,929,835,818,826,799,967,787
255,test_images_505.png,15,37,31,328,425,51,61,21,209,47,319,296,607
256,test_images_506.png,634,633,627,161,168,613,603,683,398,491,559,497,53
257,test_images_507.png,402,550,376,177,377,248,213,394,47,51,193,16,16
258,test_images_508.png,957,957,957,968,965,964,972,737,953,950,960,948,914
259,test_images_509.png,882,902,882,970,844,927,836,932,948,920,801,574,993
260,test_images_510.png,830,841,836,746,303,779,834,832,859,789,697,851,249
261,test_images_511.png,369,297,369,108,613,314,463,90,430,486,124,508,839
262,test_images_512.png,287,257,258,69,176,260,110,104,479,472,205,77,861
263,test_images_513.png,32,21,22,86,117,99,84,296,328,124,413,377,91
264,test_images_514.png,958,952,978,835,238,819,556,934,941,919,855,765,937
265,test_images_515.png,415,414,408,305,224,454,488,397,425,408,355,591,352
266,test_images_516.png,522,458,530,608,851,322,296,489,462,265,680,566,314
267,test_images_517.png,283,288,282,394,335,388,466,401,32,273,458,275,190
268,test_images_518.png,508,478,496,748,698,632,747,739,700,467,731,611,235
269,test_images_519.png,783,779,782,263,274,650,846,593,855,720,194,680,485
270,test_images_520.png,554,555,554,458,847,536,16,701,727,853,4,414,978
271,test_images_521.png,669,670,663,527,478,732,787,598,687,660,216,683,387
272,test_images_522.png,590,569,579,946,943,563,642,596,630,629,919,761,716
273,test_images_523.png,552,526,518,537,432,556,544,508,582,507,640,624,170
274,test_images_524.png,932,906,914,887,735,842,961,907,915,894,946,924,168
275,test_images_525.png,427,454,483,248,852,266,269,541,56,487,241,789,132
276,test_images_526.png,584,579,570,708,644,595,752,608,628,615,831,830,52
277,test_images_527.png,425,425,424,445,711,247,622,495,247,350,216,516,135
278,test_images_528.png,681,515,666,660,789,714,613,112,421,168,578,455,823
279,test_images_529.png,776,769,783,739,633,808,822,736,787,783,28,861,176
280,test_images_530.png,276,320,327,240,529,246,205,183,454,256,534,79,399
281,test_images_531.png,788,788,789,868,975,917,880,843,825,813,913,990,7
282,test_images_532.png,671,683,682,711,798,677,748,619,718,721,684,861,98
283,test_images_533.png,408,380,384,564,806,665,434,431,333,281,812,543,225
284,test_images_534.png,734,727,731,833,835,894,886,960,792,763,821,964,392
285,test_images_535.png,855,855,855,971,946,889,963,866,976,895,967,985,805
286,test_images_536.png,239,229,268,215,129,245,289,247,262,243,112,312,557
287,test_images_537.png,290,319,355,330,336,453,40,312,77,190,201,70,46
288,test_images_538.png,880,846,877,394,524,921,491,424,905,958,503,701,127
289,test_images_539.png,637,633,638,823,854,713,793,706,665,645,846,941,15
290,test_images_540.png,868,870,896,874,832,848,851,830,914,864,915,900,29
291,test_images_541.png,763,761,761,524,470,730,648,731,773,709,784,864,339
292,test_images_542.png,372,396,369,153,567,201,402,436,265,554,160,221,315
293,test_images_543.png,382,407,302,346,328,310,277,112,191,255,180,498,588
294,test_images_544.png,381,385,370,358,241,415,448,366,350,394,340,835,90
295,test_images_545.png,412,407,400,257,367,405,404,429,436,409,508,385,517
296,test_images_546.png,544,558,540,734,824,551,687,597,516,535,482,661,144
297,test_images_547.png,826,836,837,522,511,812,798,687,828,828,415,805,155
298,test_images_548.png,147,144,170,205,246,219,289,312,276,243,294,271,293
299,test_images_549.png,253,249,265,284,221,212,248,209,343,206,270,55,711
300,test_images_550.png,63,51,80,836,994,156,533,966,65,166,952,18,822
301,test_images_551.png,357,345,353,535,323,478,559,317,228,339,521,469,284
302,test_images_552.png,375,352,361,369,512,313,334,441,366,329,621,415,324
303,test_images_553.png,205,205,198,191,280,275,159,173,198,514,234,44,583
304,test_images_554.png,733,733,734,775,795,744,790,768,667,774,310,802,51
305,test_images_555.png,741,741,746,767,768,717,835,820,770,737,20,853,834
306,test_images_556.png,336,320,325,344,152,328,83,281,355,279,339,322,551
307,test_images_557.png,403,275,220,76,110,112,110,365,305,105,439,97,790
308,test_images_558.png,678,543,561,788,843,661,807,605,521,105,323,308,721
309,test_images_559.png,591,692,591,956,993,963,79,426,248,400,83,653,1
310,test_images_560.png,589,583,588,566,461,637,727,611,540,641,519,568,130
311,test_images_561.png,763,744,744,906,961,834,891,767,700,731,207,946,139
312,test_images_562.png,360,363,360,189,259,127,266,164,469,463,402,356,251
313,test_images_563.png,59,86,178,695,302,572,639,448,294,647,241,971,49
314,test_images_564.png,855,803,806,775,962,364,405,112,899,751,976,527,992
315,test_images_565.png,601,611,607,453,395,591,725,771,632,584,436,718,533
316,test_images_566.png,594,575,571,134,3,276,202,465,195,628,282,197,535
317,test_images_567.png,710,711,713,672,716,725,863,711,714,705,522,848,304
318,test_images_568.png,565,569,568,783,927,632,570,529,537,542,918,707,138
319,test_images_569.png,441,495,436,863,808,714,357,826,443,898,596,25,845
320,test_images_570.png,59,50,76,70,103,46,107,25,82,64,109,97,210
321,test_images_571.png,857,534,525,214,165,444,611,922,58,896,133,10,100
322,test_images_572.png,163,163,157,5,145,82,74,98,410,286,88,109,588
323,test_images_573.png,624,550,562,393,35,540,136,683,878,652,258,43,670
324,test_images_574.png,369,286,169,875,365,954,595,339,238,414,978,489,981
325,test_images_575.png,503,454,471,439,578,572,655,5,112,876,576,439,4
326,test_images_576.png,777,777,758,764,558,748,810,819,743,768,743,731,443
327,test_images_577.png,625,624,624,318,297,741,726,558,647,309,706,618,47
328,test_images_578.png,236,112,226,262,294,321,292,210,504,373,628,898,134
329,test_images_579.png,420,417,419,424,590,441,358,430,416,408,589,464,31
330,test_images_580.png,168,158,167,40,82,129,260,36,455,247,164,74,99
331,test_images_581.png,433,322,340,462,339,476,554,566,520,863,632,763,488
332,test_images_582.png,263,267,268,237,444,263,266,259,278,279,405,282,464
333,test_images_583.png,886,16,14,204,989,570,133,40,41,44,191,37,221
334,test_images_584.png,471,462,399,441,693,289,323,183,621,178,733,846,854
335,test_images_585.png,406,407,407,41,220,113,192,315,489,507,582,346,823
336,test_images_586.png,975,968,975,800,277,914,895,986,987,967,916,357,149
337,test_images_587.png,198,209,215,173,401,209,349,233,180,161,189,420,532
338,test_images_588.png,511,525,528,243,277,378,325,394,512,523,358,298,607
339,test_images_589.png,942,942,945,888,487,925,963,957,962,947,888,952,124
340,test_images_590.png,393,391,393,469,136,406,465,370,344,421,456,631,420
341,test_images_591.png,436,436,436,484,559,412,548,403,484,398,713,683,54
342,test_images_592.png,444,444,493,664,845,571,414,523,524,528,559,581,208
343,test_images_593.png,451,251,724,123,217,109,145,401,109,771,414,848,833
344,test_images_594.png,523,531,524,636,822,546,654,745,530,571,772,833,813
345,test_images_595.png,388,606,604,845,656,72,599,357,814,540,610,687,632
346,test_images_596.png,980,984,984,992,904,970,985,985,957,958,23,957,36
347,test_images_597.png,135,175,157,185,152,126,145,359,148,165,357,561,633
348,test_images_598.png,420,421,417,197,297,303,317,439,451,438,247,333,536
349,test_images_599.png,951,959,959,913,986,989,926,951,990,986,974,860,221
350,test_images_600.png,541,521,521,492,365,535,614,303,453,422,312,525,591
351,test_images_601.png,371,391,373,89,68,270,241,398,400,315,330,352,461
352,test_images_602.png,935,935,940,968,696,836,888,916,976,873,737,871,974
353,test_images_603.png,363,462,393,218,108,313,72,325,336,271,675,510,110
354,test_images_604.png,523,553,573,638,928,484,841,788,779,481,813,763,430
355,test_images_605.png,774,780,809,886,412,898,930,902,870,862,885,926,103
356,test_images_606.png,379,377,379,402,581,391,409,461,373,393,447,384,350
357,test_images_607.png,567,563,561,147,164,596,603,678,593,624,202,243,97
358,test_images_608.png,251,222,250,221,253,242,223,223,244,209,812,619,633
359,test_images_609.png,400,359,359,271,224,266,498,237,175,307,260,451,96
360,test_images_610.png,399,396,399,410,73,408,471,273,477,451,270,261,393
361,test_images_611.png,252,322,535,88,231,113,112,759,88,253,136,369,213
362,test_images_612.png,380,377,632,373,478,374,376,678,562,373,729,566,855
363,test_images_613.png,338,299,280,58,83,90,165,130,308,134,311,543,776
364,test_images_614.png,96,98,128,217,435,237,556,83,127,355,600,7,64
365,test_images_615.png,753,760,759,779,330,790,399,813,861,397,777,133,474
366,test_images_616.png,470,791,817,582,752,3,583,816,817,814,582,846,995
367,test_images_617.png,885,885,885,971,976,958,973,890,928,913,999,978,997
368,test_images_618.png,550,550,546,599,477,567,673,585,531,545,268,520,99
369,test_images_619.png,11,7,7,9,292,10,8,49,242,23,222,342,613
370,test_images_620.png,516,515,517,833,825,550,649,514,550,505,316,695,98
371,test_images_621.png,554,574,559,227,80,499,535,540,568,569,278,607,213
372,test_images_622.png,546,566,580,89,112,144,614,133,623,480,124,525,471
373,test_images_623.png,237,205,229,99,144,148,166,162,123,319,232,943,748
374,test_images_624.png,690,687,695,434,187,758,715,654,714,635,755,699,309
375,test_images_625.png,600,601,603,168,265,640,665,548,601,570,692,571,172
376,test_images_626.png,581,584,542,474,552,525,538,650,483,459,581,748,757
377,test_images_627.png,474,478,475,554,373,529,533,427,482,477,94,545,83
378,test_images_628.png,434,341,342,925,989,157,922,458,335,129,963,850,772
379,test_images_629.png,891,906,907,87,145,500,412,901,893,908,82,826,34
380,test_images_630.png,874,875,873,767,812,814,908,890,887,830,824,897,625
381,test_images_631.png,557,608,601,867,598,456,170,282,959,536,855,736,981
382,test_images_632.png,747,726,747,842,912,892,911,927,885,770,862,902,116
383,test_images_633.png,980,980,980,999,1000,998,998,1000,998,943,999,1000,1000
384,test_images_634.png,115,204,158,364,502,501,542,563,338,471,646,576,249
385,test_images_635.png,189,179,202,230,180,195,233,144,357,126,554,75,579
386,test_images_636.png,299,310,320,263,371,236,197,315,169,252,633,120,473
387,test_images_637.png,537,530,542,360,535,541,608,593,392,570,343,63,399
388,test_images_638.png,997,997,997,997,997,996,995,978,956,997,996,988,998
389,test_images_639.png,160,153,234,237,265,255,288,740,151,181,275,139,190
390,test_images_640.png,365,365,356,378,205,357,377,405,357,370,641,414,240
391,test_images_641.png,694,684,689,758,839,707,756,790,737,715,530,849,601
392,test_images_642.png,324,357,5,93,54,13,182,31,5,10,246,20,202
393,test_images_643.png,621,533,531,734,613,712,795,603,287,251,419,566,741
394,test_images_644.png,713,677,682,892,510,946,982,639,894,907,857,962,757
395,test_images_645.png,392,291,584,119,87,94,111,155,854,554,307,545,56
396,test_images_646.png,752,765,781,526,470,766,846,471,674,773,801,939,255
397,test_images_647.png,344,340,352,436,480,351,409,361,338,357,851,849,275
398,test_images_648.png,618,619,627,602,579,639,712,727,586,670,369,626,31
399,test_images_649.png,445,426,573,720,656,590,436,513,495,386,499,694,855
400,test_images_650.png,521,528,606,635,740,172,221,569,631,596,52,40,697
401,test_images_651.png,789,795,795,872,662,897,864,819,751,723,935,907,551
402,test_images_652.png,911,911,911,631,81,772,858,822,890,895,460,533,31
403,test_images_653.png,51,46,52,207,577,126,121,86,26,26,263,40,352
404,test_images_654.png,221,217,214,257,220,200,244,237,433,229,391,417,184
405,test_images_655.png,119,134,152,84,137,124,152,125,174,150,136,125,354
406,test_images_656.png,267,278,255,124,384,211,216,222,305,289,412,350,53
407,test_images_657.png,274,309,234,149,260,223,181,517,160,676,265,699,87
408,test_images_658.png,595,562,603,169,93,649,639,547,680,587,757,203,188
409,test_images_659.png,51,109,26,133,567,468,484,95,347,7,547,460,594
410,test_images_660.png,407,406,406,42,221,114,193,316,488,508,45,252,824
411,test_images_661.png,635,633,632,680,442,751,784,725,683,658,137,703,659
412,test_images_662.png,34,196,235,300,14,112,811,379,448,249,19,523,916
413,test_images_663.png,534,532,539,781,795,591,579,533,531,543,779,713,356
414,test_images_664.png,397,406,351,341,478,183,682,324,320,227,639,803,309
415,test_images_665.png,371,345,331,832,266,384,762,615,749,337,397,327,229
416,test_images_666.png,544,427,225,725,793,66,285,983,116,603,827,103,875
417,test_images_667.png,106,238,184,195,250,168,76,34,84,97,133,173,308
418,test_images_668.png,339,367,401,83,129,246,284,211,167,222,251,369,460
419,test_images_669.png,100,113,88,199,183,74,32,349,77,10,15,127,791
420,test_images_670.png,653,653,653,752,213,626,803,734,638,702,411,853,130
421,test_images_671.png,776,772,779,305,307,705,728,670,855,783,352,776,52
422,test_images_672.png,416,418,394,422,141,351,540,446,283,406,236,69,796
423,test_images_673.png,384,415,246,399,569,405,323,339,569,220,518,41,787
424,test_images_674.png,885,884,872,793,542,796,842,887,889,870,884,642,17
425,test_images_675.png,315,317,329,45,37,60,86,172,351,90,76,134,761
426,test_images_676.png,898,963,949,231,8,709,767,953,911,980,951,242,423
427,test_images_677.png,813,800,814,637,530,769,794,739,806,816,527,681,493
428,test_images_678.png,231,268,209,293,385,260,242,330,208,209,310,246,397
429,test_images_679.png,77,88,75,134,256,80,64,32,175,113,294,394,204
430,test_images_680.png,989,987,954,747,778,2,595,57,717,54,898,490,867
431,test_images_681.png,590,592,585,669,525,586,646,725,587,593,773,700,636
432,test_images_682.png,435,365,364,280,608,196,246,279,271,225,586,672,118
433,test_images_683.png,96,110,75,186,158,103,174,61,96,121,345,141,371
434,test_images_684.png,412,392,392,86,135,272,481,148,521,482,49,208,544
435,test_images_685.png,325,327,323,231,308,329,334,273,415,326,302,303,418
436,test_images_686.png,792,803,792,488,184,719,644,797,755,792,195,365,58
437,test_images_687.png,804,813,756,455,620,730,503,345,889,747,681,505,943
438,test_images_688.png,459,250,259,265,285,258,314,241,474,425,308,955,917
439,test_images_689.png,359,249,163,751,2,26,802,38,24,587,53,415,7
440,test_images_690.png,429,433,377,769,833,752,792,770,745,421,688,537,413
441,test_images_691.png,175,231,169,372,371,381,268,289,249,360,385,434,528
442,test_images_692.png,232,180,123,111,126,113,140,137,239,205,453,768,750
443,test_images_693.png,381,382,381,392,387,380,365,377,379,387,411,331,254
444,test_images_694.png,597,522,637,575,725,687,495,608,704,481,398,205,801
445,test_images_695.png,467,444,467,115,88,247,443,512,480,372,54,97,593
446,test_images_696.png,226,220,303,338,181,263,238,256,294,298,260,254,445
447,test_images_697.png,155,138,207,404,660,271,671,436,168,118,396,166,762
448,test_images_698.png,283,276,349,910,764,18,399,61,885,215,917,893,740
449,test_images_699.png,229,261,225,54,151,92,106,168,169,310,336,572,176
450,test_images_700.png,140,152,142,44,35,76,68,71,254,151,54,32,640
451,test_images_701.png,49,49,48,73,126,78,173,54,12,54,228,766,402
452,test_images_702.png,608,614,603,706,779,622,688,613,616,629,635,596,178
453,test_images_703.png,253,263,238,320,738,534,500,270,287,403,313,385,231
454,test_images_704.png,670,672,672,970,814,715,929,935,691,699,975,970,985
455,test_images_705.png,298,305,258,210,275,239,267,146,340,304,314,252,421
456,test_images_706.png,788,780,788,768,825,761,913,885,763,828,244,894,254
457,test_images_707.png,693,797,531,717,345,297,509,262,251,166,805,537,873
458,test_images_708.png,485,370,477,526,308,283,560,678,170,336,369,815,93
459,test_images_709.png,307,310,310,347,344,320,338,286,330,288,503,433,377
460,test_images_710.png,57,51,51,94,246,87,91,59,59,16,99,92,447
461,test_images_711.png,378,412,253,173,570,102,39,367,64,367,717,879,59
462,test_images_712.png,450,439,445,428,392,447,522,508,515,473,612,583,74
463,test_images_713.png,106,116,150,86,395,99,127,163,254,217,154,384,592
464,test_images_714.png,506,470,482,467,327,564,570,636,559,565,242,568,358
465,test_images_715.png,305,314,300,264,216,298,320,337,283,314,626,549,309
466,test_images_716.png,354,323,329,143,135,232,470,69,474,409,230,161,805
467,test_images_717.png,141,82,136,101,351,127,128,241,292,104,378,321,140
468,test_images_718.png,822,817,833,528,415,780,847,865,887,846,599,861,130
469,test_images_719.png,342,334,331,244,126,280,246,393,211,385,167,182,446
470,test_images_720.png,545,548,539,682,615,651,733,545,482,566,249,774,457
471,test_images_721.png,384,359,397,420,131,392,482,357,441,404,729,508,386
472,test_images_722.png,613,592,600,598,470,677,787,346,731,656,446,469,775
473,test_images_723.png,25,24,18,877,321,786,22,6,5,288,3,316,895
474,test_images_724.png,393,347,358,314,411,335,198,219,346,315,366,392,168
475,test_images_725.png,258,301,274,109,108,156,204,182,156,177,641,681,728
476,test_images_726.png,573,623,721,8,543,236,29,14,210,191,563,85,236
477,test_images_727.png,5,5,5,37,12,30,28,58,3,36,21,182,507
478,test_images_728.png,697,575,594,854,487,952,147,816,722,583,935,14,924
479,test_images_729.png,365,444,272,321,174,414,492,113,414,818,548,452,791
480,test_images_730.png,181,217,204,215,282,226,236,251,195,203,186,280,514
481,test_images_731.png,55,66,66,89,297,53,106,106,125,48,304,133,182
482,test_images_732.png,189,98,168,248,268,47,720,135,147,45,18,275,250
483,test_images_733.png,579,595,588,184,233,532,468,590,603,552,605,327,195
484,test_images_734.png,390,396,386,520,572,432,544,472,387,384,543,633,296
485,test_images_735.png,832,843,826,885,890,830,899,936,751,776,940,958,624
486,test_images_736.png,68,77,64,37,8,12,21,242,115,165,21,89,513
487,test_images_737.png,967,988,990,837,691,972,978,943,661,819,624,559,158
488,test_images_738.png,65,52,35,43,89,35,6,28,36,16,28,324,689
489,test_images_739.png,32,34,46,13,10,58,90,13,40,186,51,124,517
490,test_images_740.png,176,648,604,577,754,373,344,135,775,82,442,618,93
491,test_images_741.png,251,202,261,176,451,438,10,196,319,298,776,561,969
492,test_images_742.png,546,549,540,683,614,652,734,546,483,567,72,818,456
493,test_images_743.png,392,412,482,388,663,590,443,453,615,774,433,38,112
494,test_images_744.png,375,377,334,542,554,384,335,317,602,426,341,460,460
495,test_images_745.png,298,306,313,183,324,263,316,250,280,336,301,354,105
496,test_images_746.png,795,796,795,813,677,777,454,498,718,977,826,779,995
497,test_images_747.png,546,589,618,370,542,747,66,180,375,334,911,134,748
498,test_images_748.png,408,574,478,754,495,552,695,618,427,256,562,517,260
499,test_images_749.png,123,138,138,95,187,117,137,163,227,220,604,573,496
500,test_images_750.png,261,245,249,304,262,242,265,255,253,238,426,622,112
501,test_images_751.png,876,933,971,622,249,369,160,25,39,835,514,30,809
502,test_images_752.png,290,274,305,399,371,325,405,178,368,361,285,292,705
503,test_images_753.png,4,2,2,8,354,1,25,319,11,12,90,175,750
504,test_images_754.png,50,54,54,114,174,902,36,28,28,35,199,127,879
505,test_images_755.png,5,6,41,196,17,194,93,138,19,31,2,917,580
506,test_images_756.png,220,205,208,28,38,101,75,178,468,110,22,40,858
507,test_images_757.png,859,898,848,421,888,735,778,407,361,767,788,203,733
508,test_images_758.png,28,64,52,54,380,30,35,128,46,89,62,40,365
509,test_images_759.png,378,374,364,216,117,303,288,538,265,245,506,188,162
510,test_images_760.png,832,793,799,813,303,142,709,749,609,724,17,928,967
511,test_images_761.png,740,731,730,311,30,554,743,618,590,606,439,577,55
512,test_images_762.png,251,210,199,15,35,80,83,37,376,373,465,8,118
513,test_images_763.png,595,590,594,834,469,634,730,545,598,609,871,881,35
514,test_images_764.png,248,229,241,260,500,270,494,234,274,224,541,85,90
515,test_images_765.png,86,112,95,70,153,59,56,79,244,244,548,162,491
516,test_images_766.png,992,173,989,982,204,986,988,260,964,988,151,443,984
517,test_images_767.png,253,255,265,380,290,337,330,305,255,308,238,195,342
518,test_images_768.png,980,979,980,982,985,994,984,978,955,961,956,984,825
519,test_images_769.png,145,121,139,218,310,160,184,129,125,101,441,354,695
520,test_images_770.png,449,442,447,446,466,444,423,467,447,442,389,842,247
521,test_images_771.png,891,894,893,856,836,884,805,892,848,789,374,847,256
522,test_images_772.png,667,667,664,551,215,626,798,827,730,691,526,599,161
523,test_images_773.png,205,198,217,203,166,210,167,203,216,185,737,255,881
524,test_images_774.png,427,423,430,421,412,456,597,431,297,409,298,598,378
525,test_images_775.png,229,301,450,297,343,277,161,555,548,410,643,827,756
526,test_images_776.png,755,777,741,535,59,786,391,745,776,499,356,759,260
527,test_images_777.png,258,194,228,336,607,189,273,325,283,278,168,303,149
528,test_images_778.png,372,376,370,248,277,340,388,384,236,413,594,298,462
529,test_images_779.png,923,820,897,723,951,790,298,732,968,783,632,987,877
530,test_images_780.png,224,193,187,544,613,348,280,300,450,328,91,619,585
531,test_images_781.png,703,697,703,832,543,774,897,815,704,745,733,881,579
532,test_images_782.png,454,272,282,167,242,153,171,707,282,403,368,3,382
533,test_images_783.png,532,530,529,705,957,607,598,563,758,532,715,788,53
534,test_images_784.png,66,66,66,72,30,87,98,184,112,63,381,260,223
535,test_images_785.png,846,848,839,584,567,781,866,816,474,841,51,363,583
536,test_images_786.png,476,490,475,566,691,510,583,494,508,571,656,569,705
537,test_images_787.png,729,735,735,910,917,716,811,850,776,729,906,793,779
538,test_images_788.png,225,207,233,37,153,292,268,66,553,216,62,236,941
539,test_images_789.png,752,797,799,610,571,497,847,816,792,791,346,886,8
540,test_images_790.png,674,671,670,596,391,713,885,670,670,709,242,768,291
541,test_images_791.png,520,525,523,339,231,501,444,411,533,527,282,539,518
542,test_images_792.png,588,563,570,519,268,411,456,329,402,149,724,180,820
543,test_images_793.png,10,10,10,921,753,925,688,695,892,457,693,715,909
544,test_images_794.png,176,135,126,161,161,118,296,63,102,80,71,407,47
545,test_images_795.png,862,858,867,950,940,926,928,969,775,898,969,939,8
546,test_images_796.png,130,145,111,23,45,483,214,166,115,213,91,209,450
547,test_images_797.png,38,34,36,632,537,26,629,520,23,34,823,36,21
548,test_images_798.png,911,911,911,987,994,980,960,948,991,942,993,943,948
549,test_images_799.png,813,841,826,919,472,829,921,782,922,765,744,747,155
550,test_images_800.png,96,53,130,85,82,160,149,206,351,121,236,338,727
551,test_images_801.png,339,591,639,459,664,513,127,166,865,478,151,515,79
552,test_images_802.png,485,504,493,543,485,539,571,507,504,515,463,750,213
553,test_images_803.png,176,159,158,212,487,16,63,275,320,205,112,189,864
554,test_images_804.png,202,206,185,218,194,260,197,163,114,111,134,48,176
555,test_images_805.png,695,692,688,634,504,686,682,683,677,757,730,490,329
556,test_images_806.png,942,967,938,321,505,687,848,893,910,915,762,850,936
557,test_images_807.png,133,109,188,86,110,83,149,115,345,637,564,5,96
558,test_images_808.png,141,136,155,135,65,245,121,132,262,233,77,79,383
559,test_images_809.png,78,76,70,172,86,169,88,295,147,143,284,273,558
560,test_images_810.png,812,201,818,244,132,60,162,297,84,882,366,495,863
561,test_images_811.png,212,196,192,238,432,189,97,515,26,384,83,21,184
562,test_images_812.png,28,33,42,93,75,114,60,61,86,382,180,133,470
563,test_images_813.png,53,814,873,2,3,924,930,94,53,122,945,258,696
564,test_images_814.png,329,330,329,354,346,368,409,327,346,332,528,853,667
565,test_images_815.png,5,5,5,9,129,2,12,8,21,139,518,818,107
566,test_images_816.png,750,738,757,465,473,734,784,586,774,646,430,746,328
567,test_images_817.png,110,236,161,169,214,176,135,155,254,157,194,190,525
568,test_images_818.png,227,210,222,230,309,235,277,207,284,200,363,352,203
569,test_images_819.png,329,337,339,384,158,394,371,317,328,328,515,571,337
570,test_images_820.png,725,718,718,622,655,679,792,702,720,737,539,709,282
571,test_images_821.png,270,266,269,245,244,189,350,527,117,122,663,137,479
572,test_images_822.png,440,440,426,228,166,367,198,250,337,491,130,239,848
573,test_images_823.png,537,536,532,286,303,495,493,533,502,527,418,316,521
574,test_images_824.png,324,299,350,18,253,175,51,532,283,344,4,88,651
575,test_images_825.png,919,919,919,787,504,914,947,955,933,899,474,943,351
576,test_images_826.png,975,975,974,975,989,975,944,987,995,977,981,992,167
577,test_images_827.png,169,148,146,302,408,181,138,189,243,133,357,310,313
578,test_images_828.png,732,781,755,493,546,453,451,360,194,381,449,90,942
579,test_images_829.png,172,171,195,365,214,155,234,314,100,314,275,294,269
580,test_images_830.png,842,837,838,728,441,836,841,830,911,851,812,214,185
581,test_images_831.png,749,784,783,840,848,805,852,845,865,792,797,865,136
582,test_images_832.png,680,680,694,702,774,779,815,579,775,736,936,801,881
583,test_images_833.png,3,19,391,133,2,595,330,519,251,68,901,25,28
584,test_images_834.png,370,273,264,133,231,298,95,749,616,357,85,650,781
585,test_images_835.png,127,226,256,220,811,76,357,222,166,139,178,208,835
586,test_images_836.png,467,458,470,602,511,469,571,501,491,481,643,546,483
587,test_images_837.png,751,767,767,244,98,670,849,687,842,442,315,714,288
588,test_images_838.png,801,818,802,695,60,727,752,789,798,863,165,470,10
589,test_images_839.png,334,514,332,337,281,359,351,521,309,341,564,562,334
590,test_images_840.png,52,62,62,230,180,220,153,93,84,80,53,172,752
591,test_images_841.png,91,88,108,39,85,163,26,72,107,94,65,603,710
592,test_images_842.png,113,81,68,643,42,724,439,579,608,791,490,36,457
593,test_images_843.png,462,461,453,552,57,502,494,675,512,472,680,552,223
594,test_images_844.png,374,355,351,318,268,318,308,312,514,496,493,548,568
595,test_images_845.png,876,872,865,684,497,880,846,789,872,843,510,595,228
596,test_images_846.png,568,562,548,310,194,614,109,194,147,344,88,55,50
597,test_images_847.png,593,568,570,926,946,647,930,636,619,746,782,695,111
598,test_images_848.png,278,278,263,222,112,273,298,294,349,238,323,338,502
599,test_images_849.png,992,990,991,989,961,966,988,991,993,992,989,987,297
600,test_images_850.png,965,968,968,978,984,971,975,971,956,972,968,998,970
601,test_images_851.png,899,896,896,554,728,864,841,873,936,800,285,793,466
602,test_images_852.png,552,544,483,494,522,556,548,462,545,539,549,588,99
603,test_images_853.png,596,475,707,270,590,587,632,91,365,693,53,649,47
604,test_images_854.png,8,9,91,325,513,625,132,938,399,787,77,519,911
605,test_images_855.png,157,192,157,76,308,105,370,70,217,114,37,335,668
606,test_images_856.png,369,341,379,200,555,238,213,167,386,324,8,237,978
607,test_images_857.png,186,183,191,290,17,243,270,356,221,211,222,283,181
608,test_images_858.png,254,232,233,342,265,249,382,294,271,293,278,316,229
609,test_images_859.png,772,809,737,793,690,784,808,788,795,797,844,821,198
610,test_images_860.png,616,616,616,494,341,622,559,204,606,497,1,458,433
611,test_images_861.png,541,544,549,472,326,560,625,566,466,550,684,560,137
612,test_images_862.png,94,97,96,290,133,318,329,199,225,219,298,168,111
613,test_images_863.png,255,246,248,290,276,322,313,205,251,251,283,293,271
614,test_images_864.png,985,987,986,975,976,984,990,969,991,993,958,992,117
615,test_images_865.png,549,251,521,795,291,867,142,810,321,358,676,24,675
616,test_images_866.png,925,921,928,141,284,778,887,880,830,827,832,864,292
617,test_images_867.png,60,71,55,57,227,54,245,196,42,31,559,293,232
618,test_images_868.png,537,542,542,123,92,549,581,361,552,547,214,590,571
619,test_images_869.png,614,614,618,806,674,641,744,592,608,631,881,584,78
620,test_images_870.png,16,16,17,951,710,892,700,988,27,20,54,421,821
621,test_images_871.png,441,448,444,517,719,443,571,504,457,445,698,661,47
622,test_images_872.png,687,631,536,500,574,492,609,556,953,511,247,120,420
623,test_images_873.png,220,186,190,164,502,85,152,246,337,123,412,469,659
624,test_images_874.png,147,135,141,247,210,233,192,58,159,164,741,881,719
625,test_images_875.png,716,692,710,380,314,636,690,494,688,706,220,352,244
626,test_images_876.png,804,838,780,801,683,566,805,719,599,784,813,583,767
627,test_images_877.png,514,518,518,582,639,545,544,565,534,530,670,630,456
628,test_images_878.png,97,87,87,73,56,71,43,60,372,201,159,139,924
629,test_images_879.png,489,444,493,197,151,241,217,85,175,292,636,530,753
630,test_images_880.png,547,766,373,410,217,336,246,767,203,66,171,50,48
631,test_images_881.png,174,134,154,208,237,187,224,176,166,403,332,220,620
632,test_images_882.png,164,148,149,252,569,151,246,238,169,238,418,656,266
633,test_images_883.png,912,911,909,908,926,698,747,690,885,919,976,935,794
634,test_images_884.png,69,104,104,767,312,43,327,964,163,884,829,904,955
635,test_images_885.png,485,485,436,357,111,458,873,525,384,257,4,787,941
636,test_images_886.png,583,451,463,412,230,496,62,628,85,126,41,195,387
637,test_images_887.png,836,836,858,537,503,860,893,878,846,861,655,743,205
638,test_images_888.png,79,74,71,45,421,127,87,131,41,241,117,211,33
639,test_images_889.png,397,421,419,446,373,443,439,726,437,414,610,434,354
640,test_images_890.png,674,670,665,274,279,274,98,371,731,743,749,126,723
641,test_images_891.png,739,790,747,715,786,613,845,826,702,781,425,743,866
642,test_images_892.png,945,942,944,906,765,893,961,964,969,913,876,895,63
643,test_images_893.png,851,856,888,817,587,868,930,858,852,880,649,579,503
644,test_images_894.png,243,128,281,68,149,270,178,115,504,365,193,271,913
645,test_images_895.png,204,126,286,537,423,433,198,295,190,378,43,261,476
646,test_images_896.png,362,312,322,396,681,323,214,195,288,215,598,257,269
647,test_images_897.png,933,933,933,780,397,877,840,852,901,932,625,825,410
648,test_images_898.png,249,227,227,257,245,220,370,189,192,360,348,372,386
649,test_images_899.png,617,531,490,719,444,548,570,635,57,812,251,808,673
650,test_images_900.png,507,507,500,699,535,582,655,536,530,479,491,491,411
651,test_images_901.png,709,785,708,566,570,614,716,735,674,757,614,915,573
652,test_images_902.png,801,783,783,103,642,517,581,454,387,222,324,384,246
653,test_images_903.png,776,757,232,89,288,346,427,187,852,382,599,581,833
654,test_images_904.png,944,944,948,802,340,907,839,924,943,883,501,864,464
655,test_images_905.png,330,345,350,151,265,355,408,255,430,434,180,590,325
656,test_images_906.png,456,453,454,463,525,453,450,458,458,453,478,979,602
657,test_images_907.png,918,917,910,724,817,934,927,898,884,920,716,729,391
658,test_images_908.png,156,177,172,154,102,215,179,70,544,90,543,374,205
659,test_images_909.png,945,944,948,977,975,972,970,913,942,952,991,948,50
660,test_images_910.png,806,775,783,881,864,871,877,839,836,801,700,906,782
661,test_images_911.png,832,829,823,835,581,891,848,730,660,778,757,739,118
662,test_images_912.png,347,432,558,276,127,258,265,444,530,435,573,281,856
663,test_images_913.png,117,131,124,274,350,132,213,89,263,139,258,243,626
664,test_images_914.png,511,502,511,540,369,511,630,554,562,508,584,490,153
665,test_images_915.png,505,461,608,157,235,335,562,519,597,566,709,926,819
666,test_images_916.png,630,630,626,450,417,604,607,634,657,726,399,427,371
667,test_images_917.png,63,67,67,7,102,25,8,89,132,64,13,509,642
668,test_images_918.png,504,501,502,521,353,527,625,513,341,348,415,585,313
669,test_images_919.png,323,363,370,404,408,428,486,348,412,375,530,692,294
670,test_images_920.png,928,928,915,420,387,919,919,896,923,928,942,844,193
671,test_images_921.png,547,553,538,151,97,369,351,537,584,533,746,726,674
672,test_images_922.png,656,652,660,789,620,809,779,669,817,657,517,825,94
673,test_images_923.png,2,2,2,205,375,49,114,1,150,1,863,226,260
674,test_images_924.png,655,654,662,660,801,730,712,623,727,668,344,770,548
675,test_images_925.png,228,635,635,169,315,154,56,314,349,608,961,963,26
676,test_images_926.png,380,459,401,464,333,362,695,449,478,336,542,837,214
677,test_images_927.png,14,17,24,16,446,145,111,279,33,125,796,57,957
678,test_images_928.png,530,591,587,241,291,670,767,534,515,708,280,49,484
679,test_images_929.png,220,257,247,211,175,291,225,163,119,463,282,745,984
680,test_images_930.png,94,84,104,245,185,82,171,176,98,49,157,71,526
681,test_images_931.png,268,268,257,283,14,288,496,133,275,90,551,573,451
682,test_images_932.png,674,671,660,753,218,768,750,683,647,654,410,841,276
683,test_images_933.png,782,771,779,337,190,711,503,762,789,715,644,559,746
684,test_images_934.png,426,425,424,238,203,396,438,406,444,419,18,519,274
685,test_images_935.png,12,12,13,265,754,106,303,686,757,17,982,731,995
686,test_images_936.png,319,155,222,278,165,224,201,976,474,190,173,996,662
687,test_images_937.png,434,423,417,382,428,420,431,415,427,431,631,258,209
688,test_images_938.png,878,882,882,359,170,728,715,875,848,868,278,397,398
689,test_images_939.png,31,27,13,72,468,112,83,220,22,63,406,362,38
690,test_images_940.png,292,302,320,622,746,460,691,317,354,292,355,646,437
691,test_images_941.png,602,602,601,484,441,590,787,541,632,632,696,617,374
692,test_images_942.png,354,343,347,303,27,393,400,353,416,369,680,667,121
693,test_images_943.png,441,482,486,55,178,544,508,544,355,262,354,636,820
694,test_images_944.png,769,766,775,311,300,623,601,772,743,683,170,741,353
695,test_images_945.png,702,660,603,246,926,429,129,343,214,633,152,110,690
696,test_images_946.png,356,354,358,383,395,373,356,345,351,366,684,706,674
697,test_images_947.png,272,267,257,345,252,387,372,282,280,268,494,562,412
698,test_images_948.png,253,240,241,236,120,245,246,194,314,297,208,276,283
699,test_images_949.png,426,403,440,640,647,444,785,526,534,420,647,543,85
700,test_images_950.png,710,709,697,463,500,701,747,236,732,684,833,728,437
701,test_images_951.png,972,976,972,972,783,977,977,916,922,956,972,898,471
702,test_images_952.png,503,509,520,644,738,377,637,530,444,574,426,636,135
703,test_images_953.png,447,444,450,389,69,489,459,454,454,449,224,489,191
704,test_images_954.png,555,562,557,273,117,170,581,281,507,563,453,474,212
705,test_images_955.png,355,340,319,362,376,218,382,340,208,527,654,588,652
706,test_images_956.png,97,178,189,134,501,124,57,63,450,54,187,494,667
707,test_images_957.png,24,20,4,108,533,6,12,1,2,14,485,40,664
708,test_images_958.png,344,345,338,274,250,339,293,655,375,289,372,332,158
709,test_images_959.png,742,732,699,216,746,82,98,104,651,715,63,453,528
710,test_images_960.png,853,843,840,853,883,864,961,767,913,853,738,848,337
711,test_images_961.png,213,207,204,252,252,209,201,186,308,237,256,490,537
712,test_images_962.png,413,391,378,436,550,448,457,229,453,433,530,535,241
713,test_images_963.png,1,1,1,1,149,2,8,8,2,4,84,63,544
714,test_images_964.png,388,378,368,562,504,412,767,342,365,388,482,658,379
715,test_images_965.png,250,95,75,83,66,87,68,178,120,210,99,399,61
716,test_images_966.png,309,380,184,114,108,115,100,104,389,741,271,822,73
717,test_images_967.png,665,720,707,909,968,655,389,9,913,5,105,845,986
718,test_images_968.png,691,696,694,466,141,658,706,711,706,690,426,269,278
719,test_images_969.png,68,84,83,54,147,98,24,94,49,78,633,131,608
720,test_images_970.png,787,784,771,63,251,71,120,161,206,812,616,860,880
721,test_images_971.png,257,280,328,12,1,221,78,116,46,214,88,23,920
722,test_images_972.png,557,560,560,899,833,622,739,565,573,556,248,878,753
723,test_images_973.png,963,970,718,409,688,942,983,577,39,934,458,969,43
724,test_images_974.png,2,2,904,537,145,825,637,485,364,908,588,2,839
725,test_images_975.png,23,27,26,136,295,195,53,2,37,72,16,184,866
726,test_images_976.png,869,899,920,227,478,813,541,334,733,647,704,234,675
727,test_images_977.png,511,510,507,282,196,368,427,536,500,510,213,502,254
728,test_images_978.png,980,982,977,999,998,987,914,989,981,999,998,63,998
729,test_images_979.png,774,607,615,796,896,621,842,808,822,735,515,888,665
730,test_images_980.png,312,322,294,111,192,289,62,112,254,695,827,762,280
731,test_images_981.png,62,62,63,120,75,41,101,79,171,52,108,594,75
732,test_images_982.png,862,862,862,980,782,917,976,885,893,872,986,976,442
733,test_images_983.png,185,227,204,196,513,157,336,294,320,128,492,313,98
734,test_images_984.png,893,891,886,824,862,799,886,842,915,887,645,866,122
735,test_images_985.png,61,73,53,550,135,380,489,32,31,266,876,20,857
736,test_images_986.png,472,470,469,265,400,452,484,332,501,538,496,420,300
737,test_images_987.png,306,296,295,109,70,57,232,483,332,450,10,264,824
738,test_images_988.png,10,12,9,45,177,48,73,8,47,9,199,39,217
739,test_images_989.png,898,900,891,919,860,920,933,595,903,832,648,940,734
740,test_images_990.png,734,740,745,400,260,885,718,748,785,789,619,45,254
741,test_images_991.png,489,494,484,296,163,518,471,561,569,460,82,526,70
742,test_images_992.png,860,860,860,850,733,800,906,869,858,917,888,958,343
743,test_images_993.png,871,874,886,716,43,933,162,148,832,784,593,303,932
744,test_images_994.png,673,648,668,121,51,371,445,175,116,356,336,169,76
745,test_images_995.png,138,201,147,115,239,67,27,485,143,308,64,72,10
746,test_images_996.png,270,276,270,335,207,333,318,320,267,277,401,373,433
747,test_images_997.png,903,900,904,923,920,905,755,888,905,904,907,915,916
748,test_images_998.png,188,167,142,324,530,230,380,149,142,83,538,95,813
749,test_images_999.png,539,550,533,413,295,504,758,563,553,562,749,531,241
750,test_images_1000.png,420,408,389,385,15,265,387,414,629,414,946,634,858
